Id;TeacherId;CourseId;DateStarted;LectureType
b647aa55-3089-4e51-bb23-c20dab90d5e5;0e807c9b-61d8-54ef-a6a3-7a77b7301953;b94562e3-ea7e-5759-bdf0-145675da2bee;2019-09-01 00:00;Lecture
bc630002-b2fd-4be6-9e20-c536d1323746;5cd8dbfe-2870-59d7-a8b4-350d2cd344a4;1068a112-bb3a-566c-aa9d-bd476cba2d22;2019-09-01 00:00;Lecture
eb8dc25f-5353-426e-b95c-482b36c853c1;1397ac7a-6027-57e2-8fb8-083406d456a0;1c8923c5-a48b-51ac-bc93-8d4e12f92976;2019-09-01 00:00;Lecture
f6babd3e-5a84-4288-bb15-10cb29ade973;1397ac7a-6027-57e2-8fb8-083406d456a0;1c8923c5-a48b-51ac-bc93-8d4e12f92976;2019-09-01 00:00;Practice
56413a7d-6ee0-40f7-a028-fe93e6b45418;5cd8dbfe-2870-59d7-a8b4-350d2cd344a4;ce76bd0f-1051-5418-a3bd-9e603587bf7a;2019-09-01 00:00;Lecture
33c1bdf5-dbb4-4606-8e6a-291f492d48fb;6e23f4af-b35e-5609-9d2f-ae96287d4be8;ce76bd0f-1051-5418-a3bd-9e603587bf7a;2019-09-01 00:00;Practice
2f6c1f78-62e5-4b02-9653-660a1d87de8f;5cd8dbfe-2870-59d7-a8b4-350d2cd344a4;ae798f68-bbba-52db-8f0d-07f689d62ed1;2019-09-01 00:00;Lecture
77891905-6bc7-4e93-b161-edbc98fe24bd;ac310c6f-b1a1-5a18-bc04-ae408d83ec9e;ae798f68-bbba-52db-8f0d-07f689d62ed1;2019-09-01 00:00;Practice
6ce0d0a8-4fed-4921-93c2-a613735cac27;150210fb-9b66-5386-9e0d-49aebf8e54d5;ae798f68-bbba-52db-8f0d-07f689d62ed1;2019-09-01 00:00;Practice
78d53afa-6511-440c-92c1-f4cd21766495;150210fb-9b66-5386-9e0d-49aebf8e54d5;ae798f68-bbba-52db-8f0d-07f689d62ed1;2019-09-01 00:00;Lecture
05bcaa59-a0df-4df9-a872-62c26a54f5da;5e4e4cb8-94d7-5774-8a24-858853bfe49c;16aea226-8aa4-5d87-99c5-6747d876e96d;2019-09-01 00:00;Practice
b30b0a63-67ba-497f-9973-39f35819288a;5ab21366-ed25-51bc-8962-78319cc87943;bd1b717a-ab6f-5034-b8da-59756d68e73b;2019-09-01 00:00;Lecture
075b27bd-4ec9-4e7d-9184-3304e6f22b68;0c021f6e-0113-5fe0-9faa-3634367bc3be;89a2b7d4-e617-583b-9cd2-f7c5640026ef;2019-09-01 00:00;Lecture
b31b0dd3-587f-4913-bc27-04e0dc1ad0de;0c021f6e-0113-5fe0-9faa-3634367bc3be;89a2b7d4-e617-583b-9cd2-f7c5640026ef;2019-09-01 00:00;Practice
4cb09965-1e7e-409d-b5c0-6406619887ef;150210fb-9b66-5386-9e0d-49aebf8e54d5;0a1813f6-1784-5276-b4a0-2a680fcca710;2019-09-01 00:00;Lecture
3220b8ff-4317-42e6-956d-90e98affedf6;55d9500f-5973-5adb-b3ff-c432aa0c98c2;f69a3f9f-2955-50bc-abfc-3a7328d75773;2019-09-01 00:00;Lecture
15bffe7c-7681-410e-94ec-2203f0ec5ab9;ee238e54-6ed5-5044-82a2-ffd0b4996996;c90f1bfd-2c19-5239-aaa0-cde1755d1b54;2019-09-01 00:00;Lecture
9f24dd30-1db0-4a8b-8cba-02ac97b9baad;5ab21366-ed25-51bc-8962-78319cc87943;70f13d77-46e7-564a-8049-af2ad6af1c16;2019-09-01 00:00;Lecture
c2986ffe-6976-4ce4-9a65-5f126376f1ab;b54176b5-7c5d-5345-8ffd-0983c4084f8c;678520cc-5025-5c45-8a14-4a53cb8396f7;2019-09-01 00:00;Lecture
a3fa4e5c-1ab1-4488-9c2f-890625cf1f69;b54176b5-7c5d-5345-8ffd-0983c4084f8c;678520cc-5025-5c45-8a14-4a53cb8396f7;2019-09-01 00:00;Practice
f31200f4-a2cb-4061-af4a-72f50288c541;96fa0aea-7b99-5908-a2a0-c518e74d02b3;89addd0d-c600-5fc1-846e-bfc3f4671836;2019-09-01 00:00;Lecture
7b07b342-a6a5-4836-9ed5-2bb2784211b9;aa42edd1-e009-544b-9519-d4a341923ad5;04cee19d-c6f6-514b-9965-968c8e4eec47;2019-09-01 00:00;Lecture
6b6e5f05-8b2f-45ff-9ebd-4e94510ab93a;e625f32f-89e8-5aa6-9d9a-f2668db06efe;6d9532d2-250b-53fc-b7df-92c1a952c93f;2019-09-01 00:00;Lecture
fb49d1d9-7c2b-4a1b-951d-b6d146c54c48;e625f32f-89e8-5aa6-9d9a-f2668db06efe;6cd60d31-8996-5f3e-9adb-ed45245ecb73;2019-09-01 00:00;Lecture
dfdd7c8f-9676-44e3-b294-184b5a801dea;e625f32f-89e8-5aa6-9d9a-f2668db06efe;6cd60d31-8996-5f3e-9adb-ed45245ecb73;2019-09-01 00:00;Practice
64b5029e-7075-4e69-8a34-bb5fa53a1968;e446362e-2b3a-5ca6-b31b-2fd983dd6e5f;615ca456-1012-5dbd-a237-f3244331d201;2019-09-01 00:00;Lecture
3f9fcf36-aea2-4bd1-af2f-c2e38ca2df7b;95669f8c-bf02-561b-9b95-d0d52792ab94;ecba1a68-931c-5ee8-828e-ac8259c9ab45;2019-09-01 00:00;Lecture
4482de0c-5784-4071-8deb-dc9bca34632a;3e0086c4-0543-5c09-9e11-6a43baac9d2c;a686ae00-64ac-53da-8987-505bebf4bd3e;2019-09-01 00:00;Lecture
1e50ec7d-c38e-487c-8294-a545bf1773f7;3e0086c4-0543-5c09-9e11-6a43baac9d2c;a686ae00-64ac-53da-8987-505bebf4bd3e;2019-09-01 00:00;Practice
fdc89578-5186-4b62-8634-05643d56bdb8;26fbc808-760d-595d-b0cb-99aba4f16de9;a686ae00-64ac-53da-8987-505bebf4bd3e;2019-09-01 00:00;Practice
c901e3c4-be04-4924-bb73-263dacb7182d;26fbc808-760d-595d-b0cb-99aba4f16de9;a686ae00-64ac-53da-8987-505bebf4bd3e;2019-09-01 00:00;Lecture
19c064b3-9370-4bfd-8edb-646cfd28abbd;f814467d-59d2-51b0-a6dc-76604113102a;a686ae00-64ac-53da-8987-505bebf4bd3e;2019-09-01 00:00;Lecture
6255b2e9-23f0-4377-9c4f-dcc5e04a44a8;f814467d-59d2-51b0-a6dc-76604113102a;a686ae00-64ac-53da-8987-505bebf4bd3e;2019-09-01 00:00;Practice
fd8d1e89-a444-4253-a835-2b175d8a53fe;6988f24b-c2e7-584c-b920-f5f1ca275c52;96f78049-3c9f-5243-937a-5472b49c4736;2019-09-01 00:00;Lecture
f8440f7b-8b87-4d0a-ad57-48451fd4a796;2720342f-93d3-502a-a929-313a8ecca1c1;24baf076-e89b-59d4-8d41-9eaa361f3921;2019-09-01 00:00;Lecture
6f62572b-9b47-4dad-b94c-d45f2d1e1e29;d261dfad-68a5-54d4-8659-04b1c3f85a23;7ae2f896-4401-57af-8fc7-77abc7a07359;2019-09-01 00:00;Lecture
1d9a021b-3ae0-437b-aa1c-64875fefac34;d261dfad-68a5-54d4-8659-04b1c3f85a23;7ae2f896-4401-57af-8fc7-77abc7a07359;2019-09-01 00:00;Practice
f033c65f-2016-4f4e-8288-36a5fab9b2d5;c95878a8-a117-519e-aef8-b1399e32e3ab;36315a1a-136d-54f5-bcd9-5f7eb9f14c06;2019-09-01 00:00;Practice
d8d729ed-f2aa-49c7-9915-9ab62d4f8878;8a7ccc28-6c7e-5ea9-b0e9-95a8a49773e6;36315a1a-136d-54f5-bcd9-5f7eb9f14c06;2019-09-01 00:00;Lecture
9e122088-20fa-4baf-99a2-3188de229674;0e807c9b-61d8-54ef-a6a3-7a77b7301953;31f4674e-cfc3-5754-a948-c6d32efccc49;2019-09-01 00:00;Lecture
53d9640a-b458-4374-a60f-f12e82065ad4;e5c53dce-157a-5ab0-97d4-f4a8a98ccf9f;31f4674e-cfc3-5754-a948-c6d32efccc49;2019-09-01 00:00;Lecture
4405d95f-9296-4411-ae93-507acf68c129;473215ed-b60a-53f1-aba5-ddcaf347269b;c3fe241f-0119-5f3e-9946-721417b9d753;2019-09-01 00:00;Lecture
d0bc1d59-d22b-44ff-b5b6-3841f2a07b5d;6930b18c-5e40-5904-8061-144d929e4706;8ddb1a81-de14-55f4-9a6f-81507c5fd3ab;2019-09-01 00:00;Lecture
365aed4e-0906-42c0-8863-ac83397e7b0a;e446362e-2b3a-5ca6-b31b-2fd983dd6e5f;38462ee5-76b4-59b6-912c-ecba49c2a6a1;2019-09-01 00:00;Lecture
d2df0e89-2710-4144-8951-43d6263300ce;ef1e8c9a-6206-55e9-b197-be6cdd99c239;38462ee5-76b4-59b6-912c-ecba49c2a6a1;2019-09-01 00:00;Lecture
d4c55247-7286-4ac5-9545-2f152160fb7c;aff74151-eb81-53d8-afa9-c12b915591a9;9d0900f3-2926-598e-90d0-87fb08004e0d;2019-09-01 00:00;Lecture
fa8c3435-d33f-4134-8955-4f7b3f5c46fa;aff74151-eb81-53d8-afa9-c12b915591a9;13c59994-3500-5f2e-8472-8673627a25ef;2019-09-01 00:00;Lecture
82d584f0-66f3-4f3d-a698-a5c8cbfa7472;edb08662-5954-5e3a-9d54-b2ce1147b541;13c59994-3500-5f2e-8472-8673627a25ef;2019-09-01 00:00;Practice
61291e75-b854-4a2c-9ebf-c5ced7640339;c1bfb1d6-48af-54ae-b8a5-9b9276687d1f;c18d642d-fd96-5944-b367-bc2cf18d9799;2019-09-01 00:00;Lecture
7c19fc84-5cd7-4e62-a7f5-252f76cc68a0;8a7ccc28-6c7e-5ea9-b0e9-95a8a49773e6;af8d7b15-ab0a-5bc2-92ba-0a44a4710861;2019-09-01 00:00;Lecture
2abad3b5-61b9-44aa-a84c-25f1f6b5640e;4f4192e1-4b30-520f-aa0c-0c4826f36ade;af8d7b15-ab0a-5bc2-92ba-0a44a4710861;2019-09-01 00:00;Practice
b9fbe800-63a6-4fce-91d2-8ccaa754a7e3;b97bd04b-b15c-5385-8dd7-5bc043d3b323;af8d7b15-ab0a-5bc2-92ba-0a44a4710861;2019-09-01 00:00;Practice
ce0ac4cd-6c32-4ff1-a819-fdf5c30e0a7c;2ef87fbe-352a-55a9-b11a-212d805d3aeb;af8d7b15-ab0a-5bc2-92ba-0a44a4710861;2019-09-01 00:00;Lecture
c9df4835-320c-4405-b2c0-c4be58d95e82;0c021f6e-0113-5fe0-9faa-3634367bc3be;af8d7b15-ab0a-5bc2-92ba-0a44a4710861;2019-09-01 00:00;Lecture
4bb8012e-5ec7-4331-91db-be7d9631b78a;5bc999ec-ea48-5233-a6c4-c1ea3ea4ed9f;af8d7b15-ab0a-5bc2-92ba-0a44a4710861;2019-09-01 00:00;Lecture
9803f68c-9508-4878-bd17-b58936d2aa34;5bc999ec-ea48-5233-a6c4-c1ea3ea4ed9f;af8d7b15-ab0a-5bc2-92ba-0a44a4710861;2019-09-01 00:00;Practice
52a7cb7b-25c6-4408-bd8d-4bc57dc0d2ff;35e29410-2fe3-5dbc-b0b1-21e361e21dfe;af8d7b15-ab0a-5bc2-92ba-0a44a4710861;2019-09-01 00:00;Practice
b6ed9868-221c-4753-8443-fa1ae90cd360;4f4192e1-4b30-520f-aa0c-0c4826f36ade;af8d7b15-ab0a-5bc2-92ba-0a44a4710861;2019-09-01 00:00;Lecture
2b9c7dd6-8a4b-4477-93db-6bd7ab2f582d;99d5e29c-ffdc-541b-b6c9-b182c52836f5;af8d7b15-ab0a-5bc2-92ba-0a44a4710861;2019-09-01 00:00;Practice
1532f4ea-856d-4d72-bc2e-b2687cfb9abe;606a2fc5-c4e4-526e-8aa1-098e0f8d3cb0;e1d7c317-8d4f-55a5-a93a-ce251ad8e60c;2019-09-01 00:00;Practice
65dd964a-2b36-4bc5-bc66-0490d5ad0d13;5bc999ec-ea48-5233-a6c4-c1ea3ea4ed9f;e1d7c317-8d4f-55a5-a93a-ce251ad8e60c;2019-09-01 00:00;Lecture
63b0ed66-2f3e-46e2-9e81-18c02a882b4d;5bc999ec-ea48-5233-a6c4-c1ea3ea4ed9f;e1d7c317-8d4f-55a5-a93a-ce251ad8e60c;2019-09-01 00:00;Practice
ed064783-3de6-4f31-9123-8c4b7e9875a8;2720342f-93d3-502a-a929-313a8ecca1c1;c7065ff3-e584-5ac7-b1d9-fb1f80518e96;2019-09-01 00:00;Lecture
4ae34981-0f7c-43d1-b14e-277858d3d8ca;bdafb9ef-3bf0-59ca-9068-3d32a446771d;9d700ee1-cd4d-5860-88fc-267d85b5b233;2019-09-01 00:00;Lecture
416a76a0-adba-4994-84d6-1d51df672fa0;b6a766f0-b5ac-59a0-a53f-30547fed1bc7;910b73d7-0a12-5d77-87d9-8afe3a6d6a14;2019-09-01 00:00;Lecture
6cc549bb-0f39-437b-b433-4ed34fb789d1;24cca463-9602-5de7-b6ab-01bbdeb83360;5649246b-c39d-578d-aea4-ac02be2caf84;2019-09-01 00:00;Lecture
a7ee6196-6128-4496-83b1-b32ae6cbc416;5d39a92e-8206-5da0-9b05-b9893a23253b;b0960e26-a582-5477-9dce-bd71f0fcc802;2019-09-01 00:00;Practice
59718962-57d9-4213-b05f-482da25897fe;5d39a92e-8206-5da0-9b05-b9893a23253b;b0960e26-a582-5477-9dce-bd71f0fcc802;2019-09-01 00:00;Lecture
432f2d10-27a1-4fbb-a570-395db3579915;40d1d4d5-7a54-5cc1-a53c-f783486ebe77;b0960e26-a582-5477-9dce-bd71f0fcc802;2019-09-01 00:00;Practice
6e29a1ee-a7ee-4104-860b-b156b4586df5;f0866ac1-bad3-5dd9-8f0c-ddd6fa483c47;b0960e26-a582-5477-9dce-bd71f0fcc802;2019-09-01 00:00;Practice
62dac53a-fb4c-4dfb-8735-b69e03f61cb5;771a4c64-f04b-50cc-903b-3034ee9f653b;b0960e26-a582-5477-9dce-bd71f0fcc802;2019-09-01 00:00;Practice
ca6de6ed-e7da-4078-b57d-da7e7095a8a3;40d1d4d5-7a54-5cc1-a53c-f783486ebe77;b0960e26-a582-5477-9dce-bd71f0fcc802;2019-09-01 00:00;Lecture
e5a3babf-e1b4-4ee7-bf91-2c97333f0294;a1182905-93ee-500f-81b3-b6a9f32a7b78;b0960e26-a582-5477-9dce-bd71f0fcc802;2019-09-01 00:00;Practice
dec7002b-107e-486b-80e5-be5c17c3bb7e;1cfc1db2-ee0c-51eb-9f1f-191ce0fbf089;b0960e26-a582-5477-9dce-bd71f0fcc802;2019-09-01 00:00;Practice
3fca96e3-a610-42b9-895f-c4e3aa5cf6c9;e446362e-2b3a-5ca6-b31b-2fd983dd6e5f;e46631ad-294b-5008-8a4b-260a31911b3a;2019-09-01 00:00;Lecture
77229c0f-a7ca-4569-9bb3-fb089ecb7885;02b97164-f4c5-5175-a599-274157eb3714;bdecee17-f28e-5327-b6ab-ffb7df8ce9cc;2019-09-01 00:00;Practice
9db377e6-b4f3-41ea-b67e-44f644917fe4;02b97164-f4c5-5175-a599-274157eb3714;bdecee17-f28e-5327-b6ab-ffb7df8ce9cc;2019-09-01 00:00;Lecture
538ab667-4d8d-4818-a5d1-71c305958804;ebc03456-3255-5279-9419-7eaabff57cba;74465a69-7863-5514-b5b9-6ad48839483d;2019-09-01 00:00;Lecture
cb90d54e-2d0a-4d82-be1b-516222e4386b;419640c6-103e-51a7-ab20-0042816d1ebe;41ad415a-ce71-5105-8803-1dcd365ddeb6;2019-09-01 00:00;Lecture
9c21d20a-28e5-498a-afd6-cbe98da14e60;4a6601b7-7ba8-5798-8ab7-e0f77adf6f3f;62d02273-2b65-53a2-9e85-ba409ca13f1e;2019-09-01 00:00;Lecture
dc6f45e8-0187-4aea-9f31-7d0a95520cfa;0c021f6e-0113-5fe0-9faa-3634367bc3be;94649e8f-136d-5ea1-9f02-69e16e4c8c35;2019-09-01 00:00;Lecture
9fe9ea1a-f238-4acf-8de2-b70345a6e990;c0f0a9ce-5d03-5c13-9d9e-043919a0838e;94649e8f-136d-5ea1-9f02-69e16e4c8c35;2019-09-01 00:00;Lecture
efcf61cb-6906-42aa-848e-a15181036af3;1a9b3214-4f40-51b4-b943-7dfed138e521;94649e8f-136d-5ea1-9f02-69e16e4c8c35;2019-09-01 00:00;Lecture
f2919eed-65f3-443e-8cc9-7408f829884c;c95878a8-a117-519e-aef8-b1399e32e3ab;a6f348c1-bcde-5990-9619-ca3c4dbadd26;2019-09-01 00:00;Lecture
ba43b8b6-8a01-401e-8cde-981694925815;c95878a8-a117-519e-aef8-b1399e32e3ab;1224f42a-8d5c-5855-94f5-111b2a0c6726;2019-09-01 00:00;Lecture
1d646345-96b0-459e-b125-a204fd54f9c9;3003dd5c-6599-5483-b6ba-5e742e7e5034;bca11d46-41cc-5c4c-9bd9-e78459ddf2de;2019-09-01 00:00;Lecture
32d9d54f-758a-4e5e-a31c-f400c52f9656;2954c676-b393-5f4c-b50d-91477bdf5418;0ba47b55-0b9a-599a-b066-d5792a55d19f;2019-09-01 00:00;Lecture
6a880114-17c4-431d-bd24-5d20ffbb858a;d1111cba-003d-593f-b2df-742d43ab247c;83e05e1a-20e8-5ba6-8159-34de9517ed6f;2019-09-01 00:00;Lecture
0e07d6c6-8bf1-4a9c-871d-d5a3220cb30d;25292b23-73f7-5bb4-8433-b97599a27596;0252843a-9963-5144-b419-9a72a5d1eaf9;2019-09-01 00:00;Lecture
8896ba51-1b95-45da-9f7b-74da87612268;473215ed-b60a-53f1-aba5-ddcaf347269b;ae5ce52f-8b09-51f7-8693-8e5736802501;2019-09-01 00:00;Lecture
dc18b69c-7dcb-437c-92c5-aefce8776d25;ef1e8c9a-6206-55e9-b197-be6cdd99c239;70cb244c-5264-526a-8ec9-92e04f950cd4;2019-09-01 00:00;Lecture
f146bc28-2752-420d-89c3-098479146304;b97bd04b-b15c-5385-8dd7-5bc043d3b323;70cb244c-5264-526a-8ec9-92e04f950cd4;2019-09-01 00:00;Practice
3e3d89fe-7b22-4538-9f2a-4ce069981fa9;606a2fc5-c4e4-526e-8aa1-098e0f8d3cb0;70cb244c-5264-526a-8ec9-92e04f950cd4;2019-09-01 00:00;Practice
b02e4ebf-a46a-469a-9be9-790bfb2992ad;e3f968a3-c818-549b-a4bf-4820976e4be2;76ab4e92-a2a7-5547-8423-7b074bf828e7;2019-09-01 00:00;Lecture
2542d77c-02a3-49f3-8b5b-80ca6544d6ba;e3f968a3-c818-549b-a4bf-4820976e4be2;76ab4e92-a2a7-5547-8423-7b074bf828e7;2019-09-01 00:00;Practice
8a3b98f6-5f8c-40b8-b5fa-722b87c12ae2;5f10754c-e058-5c80-97c1-57da76f31df9;b298cb76-fa2e-583d-9bc0-47ca98191497;2019-09-01 00:00;Lecture
fe255f2b-c23f-4913-9462-47e3c88f0cb7;5f10754c-e058-5c80-97c1-57da76f31df9;b298cb76-fa2e-583d-9bc0-47ca98191497;2019-09-01 00:00;Practice
00bed6fc-0cf9-4a05-850d-2482c1b80432;ceb586ef-7c64-57d6-9ee8-8e040a4e6b43;b74c4274-c379-5d54-a1eb-16f1ff8b5d29;2019-09-01 00:00;Lecture
f9d400bd-2060-4a32-a782-6862afd4e909;38f63553-19e7-5fbd-babb-5373a4cc89b8;dbf67398-4baa-5c01-b979-25370e312429;2019-09-01 00:00;Lecture
dc42b4dd-89d6-4c32-a800-6a64b806d779;f312e7a1-9d62-5564-834c-64894424fdf2;dbf67398-4baa-5c01-b979-25370e312429;2019-09-01 00:00;Practice
77968e04-28ff-469c-b095-c8ea3a34218e;38f63553-19e7-5fbd-babb-5373a4cc89b8;4b6a8295-9131-577e-b595-4622c95a24a2;2019-09-01 00:00;Lecture
10315c68-4878-4453-9f05-a7db5077ce09;c39d2cee-8b0c-55d2-a8f1-46eccaf65889;75a84e45-ade7-51e7-8c6d-c74ab008587f;2019-09-01 00:00;Lecture
52d5f07d-d410-4860-9f5d-baa6aa7e8804;660023a2-25fc-557f-9a5f-0945dc0ea82d;e9bd8f9e-2718-55ff-97ab-e358c807ed51;2019-09-01 00:00;Lecture
d33a7f82-47d5-45f2-b6cc-2e60c4fd6aec;660023a2-25fc-557f-9a5f-0945dc0ea82d;e9bd8f9e-2718-55ff-97ab-e358c807ed51;2019-09-01 00:00;Practice
ff086c2d-0c0b-44b4-b41a-4e2281cbba64;2ef87fbe-352a-55a9-b11a-212d805d3aeb;f44b229a-4da0-5502-aa05-0caf89debcb5;2019-09-01 00:00;Lecture
23a439c6-8c4a-4c28-b9ff-6c96232bf606;2ef87fbe-352a-55a9-b11a-212d805d3aeb;f44b229a-4da0-5502-aa05-0caf89debcb5;2019-09-01 00:00;Practice
674ae83b-2ea1-43c3-bcac-6575c9fdb973;b54176b5-7c5d-5345-8ffd-0983c4084f8c;c4b83b4d-496d-5b92-94d8-8385e7045108;2019-09-01 00:00;Lecture
f346b4b2-449e-4c6f-ac2a-d93f8d7e95ad;02b97164-f4c5-5175-a599-274157eb3714;2a285fbd-0f03-549a-9fc9-9ae4567ecd91;2019-09-01 00:00;Lecture
6ff7eddd-c287-4723-8e69-179980d4ac44;02b97164-f4c5-5175-a599-274157eb3714;7221b075-2f68-5717-b104-9ae8d877deda;2019-09-01 00:00;Lecture
94e6f143-3f70-43f3-940b-23991dc16a35;abd52626-25f5-50e2-8024-c4c83392d1cb;56bb2b27-dc3c-5547-a44f-b3d4aa9e300b;2019-09-01 00:00;Lecture
acc6bf44-fc46-4add-a78e-3d4eb2898368;0e807c9b-61d8-54ef-a6a3-7a77b7301953;53ccd38d-88d2-5507-8666-2a70233f2ff3;2019-09-01 00:00;Practice
7842f0e5-f1bb-4393-8aab-88ce38c153ff;0e807c9b-61d8-54ef-a6a3-7a77b7301953;53ccd38d-88d2-5507-8666-2a70233f2ff3;2019-09-01 00:00;Lecture
20e42a5e-8cee-4401-b3c2-f89a63f1d78f;3f60a7e8-b7d1-5afd-847c-c7e473b64471;7bdf782f-8447-5e7d-8514-74ed4b02c5f3;2019-09-01 00:00;Lecture
dbdc211c-d947-408b-a0f8-c81b729022c4;3f60a7e8-b7d1-5afd-847c-c7e473b64471;7bdf782f-8447-5e7d-8514-74ed4b02c5f3;2019-09-01 00:00;Practice
96ac2518-e4b0-486d-9951-e92fd3d570aa;80d982e1-4ec5-569f-abfa-eabfd414b8ce;7e0ed595-53c2-509c-9e07-7f5119c625ac;2019-09-01 00:00;Lecture
a449a56e-20b7-4a82-8199-63a378f08db7;80d982e1-4ec5-569f-abfa-eabfd414b8ce;7e0ed595-53c2-509c-9e07-7f5119c625ac;2019-09-01 00:00;Practice
e74cf6c3-a2a7-4ec7-b1de-5ba780b18caa;1f95806f-105b-5a6d-9863-8b0bb7be428f;cd7dfd30-665a-5f9c-8a88-47afaf3d0e4d;2019-09-01 00:00;Lecture
d623d9d7-9c95-4b77-a5c6-592d42752572;1f6f7a7d-3aa3-577b-b5ae-5d2916d1cf2e;0deadcbd-278d-5085-a5ae-6b5486b0dabd;2019-09-01 00:00;Lecture
6c1ab80e-61f6-4e48-bd95-a8f7bf02f191;dbfd2521-5218-5642-a481-70e37d0c4eaa;0deadcbd-278d-5085-a5ae-6b5486b0dabd;2019-09-01 00:00;Practice
e20220ea-1d80-477d-8480-77dc30c20068;10ed0f82-4fae-5712-89d9-cecf0dfd7f3a;0deadcbd-278d-5085-a5ae-6b5486b0dabd;2019-09-01 00:00;Practice
de444969-ac63-4250-8ac9-8b785eb09ea5;111d532b-d2bf-5640-b2de-ac553c451cf5;38f8d981-35f4-5389-b09e-6059a3a7ed83;2019-09-01 00:00;Practice
c6ba65f4-318c-4c52-846d-fe5257eb5034;1f6f7a7d-3aa3-577b-b5ae-5d2916d1cf2e;38f8d981-35f4-5389-b09e-6059a3a7ed83;2019-09-01 00:00;Lecture
0aa75d5a-02c3-415f-b1d9-e8c66cb2afa9;1f6f7a7d-3aa3-577b-b5ae-5d2916d1cf2e;38f8d981-35f4-5389-b09e-6059a3a7ed83;2019-09-01 00:00;Practice
402d0240-3677-4f47-b6ce-e7dd08bab44f;139a53d0-50a9-594c-9676-e1f8a3e05327;38f8d981-35f4-5389-b09e-6059a3a7ed83;2019-09-01 00:00;Practice
2277a3cb-1d52-44d2-b806-f389d46c8c86;e805a58d-15d8-561a-b9c2-315f43ac7972;5117fcca-263a-5b01-9137-8eb452a53dc2;2019-09-01 00:00;Lecture
fb250c4c-afb1-4bed-9946-f0850791fbd5;e805a58d-15d8-561a-b9c2-315f43ac7972;bbe9b1da-2a6a-570e-b81d-eb4b80b5ec0c;2019-09-01 00:00;Lecture
cb6a6535-f9ca-4b32-9078-21d9b2ffa99b;23b93d8f-b21c-5fe6-8b9b-db23411e8e28;c3716c40-1178-5cd7-b0c7-3f83e74fc043;2019-09-01 00:00;Lecture
b4180bfc-fa59-4ee2-a9b9-6b55f32708d2;4d646ec5-63ca-5b08-842c-f1e1072aeb99;4cad411a-1b7a-593d-94a7-b55e7623c1a1;2019-09-01 00:00;Lecture
803aeaae-c23f-44e8-ab93-1650846f4604;c945d8b0-a58b-5760-8714-6066fbb42b9e;afc9de4a-20c5-556e-870b-6243642f80ef;2019-09-01 00:00;Lecture
5a56dbc8-852d-41ee-a249-01a5c900a1ab;c945d8b0-a58b-5760-8714-6066fbb42b9e;afc9de4a-20c5-556e-870b-6243642f80ef;2019-09-01 00:00;Practice
7c524c85-4e78-48fc-9212-2d480d691312;d4dc5651-32d3-5d30-b38a-3785d488c106;afc9de4a-20c5-556e-870b-6243642f80ef;2019-09-01 00:00;Practice
a4108c5c-6859-4025-9295-f38a9a2331d7;6f7ce898-7b0e-54b4-8695-253558b84b49;afc9de4a-20c5-556e-870b-6243642f80ef;2019-09-01 00:00;Practice
b0e6f44b-ca2b-4e29-8d70-4cb5ee5a4287;4a6d13cb-5ec9-5ace-87ab-31c56ecc81c0;afc9de4a-20c5-556e-870b-6243642f80ef;2019-09-01 00:00;Practice
e512d539-d75b-4934-84ae-eb934be57590;3fdb8bf5-e55f-5f01-a1a6-3a6cad4f423f;afc9de4a-20c5-556e-870b-6243642f80ef;2019-09-01 00:00;Lecture
fbcbb8fb-9b34-4b14-bb6a-a4a046591a95;38e719ae-f3f4-562a-9453-c1eceaf86226;afc9de4a-20c5-556e-870b-6243642f80ef;2019-09-01 00:00;Lecture
871d9c5a-d059-42e9-acc5-27135a7cafed;5e4e4cb8-94d7-5774-8a24-858853bfe49c;afc9de4a-20c5-556e-870b-6243642f80ef;2019-09-01 00:00;Practice
d0ed19ef-a4fa-4744-a973-d2ffa1ac8ad0;139a53d0-50a9-594c-9676-e1f8a3e05327;a3bdcfde-5803-5afd-b975-dd8d34a6d69b;2019-09-01 00:00;Lecture
94f82f7b-d49a-42e1-9a4e-e140fde0c98f;f3a3324e-39c8-59d7-bba2-86c835393ea8;9985a7d6-3753-5285-95d3-a27112a98371;2019-09-01 00:00;Lecture
3e19110c-3b78-46e1-a58e-227d4b8fe465;f3a3324e-39c8-59d7-bba2-86c835393ea8;9985a7d6-3753-5285-95d3-a27112a98371;2019-09-01 00:00;Practice
e655669a-1623-4128-bff9-c076c2d23152;ac383400-e4c0-5a50-8659-90148837e8ba;49806726-249c-5e4f-8abf-4f5cb6b64570;2019-09-01 00:00;Lecture
0d54dec6-eb71-4d67-b460-75cab356143d;ac383400-e4c0-5a50-8659-90148837e8ba;49806726-249c-5e4f-8abf-4f5cb6b64570;2019-09-01 00:00;Practice
733b64e7-8c35-4811-9364-1912dd54ad9d;f9d2fa23-fc3d-5f78-aa5c-f292495ad5ae;5569b68f-4a42-5af5-a458-23ef4a5ea31c;2019-09-01 00:00;Practice
385646d7-d64c-4000-8f9b-c7ac740fa745;b7ba1118-f559-52b9-a7c3-b63064babb89;5569b68f-4a42-5af5-a458-23ef4a5ea31c;2019-09-01 00:00;Practice
9c42dcc5-97df-463a-b2af-4e7456fe1d65;9b6e2651-30ff-5ce4-b14b-db8e6a466cb9;5569b68f-4a42-5af5-a458-23ef4a5ea31c;2019-09-01 00:00;Practice
7a2a181e-7948-45fd-b435-ce292ecdd541;c1bfb1d6-48af-54ae-b8a5-9b9276687d1f;5569b68f-4a42-5af5-a458-23ef4a5ea31c;2019-09-01 00:00;Practice
cb36f547-4bb9-45c3-aee3-f0bb5d7b1c35;bc1db2de-e4e7-58c0-a255-7b63231c564c;ccdef33d-1c18-53a7-b6d7-cca2e931e2e6;2019-09-01 00:00;Practice
64cca19d-d394-466f-9c0f-cd56b11e4c4a;bc1db2de-e4e7-58c0-a255-7b63231c564c;ccdef33d-1c18-53a7-b6d7-cca2e931e2e6;2019-09-01 00:00;Lecture
92fbda8e-8abd-44a3-94b8-69141171877d;d261dfad-68a5-54d4-8659-04b1c3f85a23;d9e5b158-5441-5dde-b331-00022e72ce6e;2019-09-01 00:00;Lecture
46d68cfe-8269-4e9c-8860-6d0faa4b0fdd;bdafb9ef-3bf0-59ca-9068-3d32a446771d;a5355d43-0b7e-5d03-b19b-94dea1cdfe98;2019-09-01 00:00;Lecture
be45bf73-079e-45f7-bfb0-da9273bcd2f7;be43a686-0e6d-51bb-9fef-2dffeae7d2c0;a5355d43-0b7e-5d03-b19b-94dea1cdfe98;2019-09-01 00:00;Lecture
f0ff7e2a-7b01-4bb9-ae46-28d6b18ab0a9;ac383400-e4c0-5a50-8659-90148837e8ba;a5355d43-0b7e-5d03-b19b-94dea1cdfe98;2019-09-01 00:00;Lecture
b921b7aa-750d-4f5e-b117-ee35971c80d9;5e4e4cb8-94d7-5774-8a24-858853bfe49c;2f88aca3-f067-5d6f-97fd-a2aebce56764;2019-09-01 00:00;Lecture
53f2ca7d-26dc-4f04-b7cb-0edce2bc1fa8;5e4e4cb8-94d7-5774-8a24-858853bfe49c;2f88aca3-f067-5d6f-97fd-a2aebce56764;2019-09-01 00:00;Practice
d65ac6ec-a057-412a-ab42-8ebafe30e39c;021f61f6-d8fc-5eeb-b069-362be3e79516;950135f5-fc24-5aad-aefa-71131cfbf74c;2019-09-01 00:00;Lecture
3f8cb0c5-9d57-42ee-b50c-8822cc47b855;4e6c16ff-6c5a-565f-8c18-8ce921a304b8;950135f5-fc24-5aad-aefa-71131cfbf74c;2019-09-01 00:00;Lecture
7687eed9-28d3-4562-be56-08f383c66311;b54176b5-7c5d-5345-8ffd-0983c4084f8c;e372a586-7d7f-556d-93ec-74a93102310a;2019-09-01 00:00;Lecture
6e767a42-f1c0-4e18-9cbd-e2a0b9205c9a;b54176b5-7c5d-5345-8ffd-0983c4084f8c;e372a586-7d7f-556d-93ec-74a93102310a;2019-09-01 00:00;Practice
d23ae79a-911f-4809-8da8-2e17bddd702f;139a53d0-50a9-594c-9676-e1f8a3e05327;6bb61a6e-b155-5951-a588-376c383fd9f2;2019-09-01 00:00;Lecture
38ce46e0-b340-47b5-b88f-7c2590ea8b77;ee238e54-6ed5-5044-82a2-ffd0b4996996;9ef25272-f367-5433-a5b8-8c0f08c6e404;2019-09-01 00:00;Lecture
a389bcfb-abf5-47ef-ad99-4b6a94c88999;2ef87fbe-352a-55a9-b11a-212d805d3aeb;f6c85fdd-7d8c-5885-9d22-d8e8eefd2e69;2019-09-01 00:00;Lecture
84b2c107-4d09-4f9a-a930-81171adcfdbb;790f5c98-a14b-5e01-9aeb-3d7bd53e6ab4;f6c85fdd-7d8c-5885-9d22-d8e8eefd2e69;2019-09-01 00:00;Practice
14cc520b-ac7b-4468-961f-7c1445e8b669;2ef87fbe-352a-55a9-b11a-212d805d3aeb;c2580009-0635-5c23-9a6f-76cff59d5eae;2019-09-01 00:00;Lecture
d78094bc-c25e-4748-8cc0-7d05fea67489;606a2fc5-c4e4-526e-8aa1-098e0f8d3cb0;1ffbafc0-33e0-510b-9933-6729069ae3ca;2019-09-01 00:00;Lecture
2460a5e4-9c0e-4b99-ab8d-23d5035190b9;2ef87fbe-352a-55a9-b11a-212d805d3aeb;f0f27ecc-1861-5f11-a272-a1bb1f5c7a50;2019-09-01 00:00;Practice
e22fa4d3-07bd-4073-b40c-56cabab3d46f;2ef87fbe-352a-55a9-b11a-212d805d3aeb;f0f27ecc-1861-5f11-a272-a1bb1f5c7a50;2019-09-01 00:00;Lecture
3e39eaf8-ce3a-4f1b-9ba9-3620a30cf0b3;c39d2cee-8b0c-55d2-a8f1-46eccaf65889;11411310-68d4-5072-a5ad-4cd90ea68103;2019-09-01 00:00;Lecture
79599cd0-e2f3-45f1-bbe0-8f8b3fe04424;e625f32f-89e8-5aa6-9d9a-f2668db06efe;3422699d-8af2-5e03-80ca-60ab59799b9e;2019-09-01 00:00;Lecture
c8f6f7b1-f54f-4894-a09d-24ded8ff9b3d;dfd58a58-fc75-5583-aab2-98f390b2aff4;c2221a76-2961-5ef7-bfa6-abc503498409;2019-09-01 00:00;Lecture
3a6955f0-2317-4345-b52b-cd27e6a7e5f0;dfd58a58-fc75-5583-aab2-98f390b2aff4;c2221a76-2961-5ef7-bfa6-abc503498409;2019-09-01 00:00;Practice
346a847e-855a-4764-9e15-6f8b25ce78e2;395808f9-7e5b-5de6-800b-b2f82b1b1c60;75f8d852-a864-5b7a-91f8-f70b7526fa99;2019-09-01 00:00;Practice
09d2ec56-0dc3-48e0-b775-6ae437b5586c;c0f0a9ce-5d03-5c13-9d9e-043919a0838e;75f8d852-a864-5b7a-91f8-f70b7526fa99;2019-09-01 00:00;Lecture
ab204067-1578-425c-9076-df83036ed1cf;395808f9-7e5b-5de6-800b-b2f82b1b1c60;75f8d852-a864-5b7a-91f8-f70b7526fa99;2019-09-01 00:00;Lecture
8f768dbc-3dac-410e-abe9-955c0be1b709;ce3763a1-8295-5db1-a99f-b5183022a769;75f8d852-a864-5b7a-91f8-f70b7526fa99;2019-09-01 00:00;Practice
5d4656a3-291b-438d-97b2-6490226b4ab5;e625f32f-89e8-5aa6-9d9a-f2668db06efe;75f8d852-a864-5b7a-91f8-f70b7526fa99;2019-09-01 00:00;Practice
e8f9c972-8cc2-466d-868c-bfe3dc5d26da;2de5f508-ff1c-56d0-b863-9c3ab7f2e788;75f8d852-a864-5b7a-91f8-f70b7526fa99;2019-09-01 00:00;Practice
a75f6b29-3007-4dc0-92f3-59fbcda37822;b5d63df6-0655-5a3c-90d4-eab49aa32bce;75f8d852-a864-5b7a-91f8-f70b7526fa99;2019-09-01 00:00;Practice
04f6750b-b54e-4115-8873-cc30e78a4352;e7ce3bab-0a20-5a35-b1f5-fec45419b833;d1363f59-877b-5f65-b68a-2ec90483ef8c;2019-09-01 00:00;Practice
78c29832-665f-4a39-860b-a89530735f1a;e7ce3bab-0a20-5a35-b1f5-fec45419b833;d1363f59-877b-5f65-b68a-2ec90483ef8c;2019-09-01 00:00;Lecture
6128224f-dbcc-475c-b207-5763a1d53bd6;e7ce3bab-0a20-5a35-b1f5-fec45419b833;c5954e3b-2f39-50f4-a464-f16eb91a1ffb;2019-09-01 00:00;Lecture
96027e51-3be1-460c-a737-76040275e51d;966b5b4e-1bf4-59e8-9ada-498876471a2c;b9627b13-99f3-555a-b540-6922e1c693aa;2019-09-01 00:00;Lecture
1bc316c4-a59a-4e6f-9739-22e273e15bfa;52f38956-c771-5285-894a-0c172326bb6c;b9627b13-99f3-555a-b540-6922e1c693aa;2019-09-01 00:00;Lecture
c9313a82-9678-4855-934e-2947bd87cf35;f47340c2-5fe1-5a3d-8039-1badc6affebc;85b35e39-bf13-5105-827d-2091e088b7c4;2019-09-01 00:00;Lecture
a001f64b-0fb6-48d4-980b-c264553266c9;790f5c98-a14b-5e01-9aeb-3d7bd53e6ab4;143b7909-df26-5a2d-bac6-9dc0610ed6aa;2019-09-01 00:00;Lecture
34659401-1578-4427-a833-b4d59e953ce3;790f5c98-a14b-5e01-9aeb-3d7bd53e6ab4;143b7909-df26-5a2d-bac6-9dc0610ed6aa;2019-09-01 00:00;Practice
dff32fe0-6df6-4830-8c39-ae95261ad604;3ed921c5-ee9d-548b-a2ab-f32287e95be0;143b7909-df26-5a2d-bac6-9dc0610ed6aa;2019-09-01 00:00;Practice
7f605bb2-bbea-4b4e-ba36-cefc1f5052ff;790f5c98-a14b-5e01-9aeb-3d7bd53e6ab4;f408424e-4a73-565d-ac53-f7c0efb0cd7f;2019-09-01 00:00;Lecture
883d4252-7e26-4a2c-ae41-14ce27e5a135;790f5c98-a14b-5e01-9aeb-3d7bd53e6ab4;f408424e-4a73-565d-ac53-f7c0efb0cd7f;2019-09-01 00:00;Practice
79e263b0-880c-4b80-b5c5-1bc8b5ffc1d1;790f5c98-a14b-5e01-9aeb-3d7bd53e6ab4;9afeb228-a495-5535-b63b-6732b8d6e8a0;2019-09-01 00:00;Lecture
0d068f17-30d6-43a0-a0e6-4f76cf647b43;790f5c98-a14b-5e01-9aeb-3d7bd53e6ab4;9afeb228-a495-5535-b63b-6732b8d6e8a0;2019-09-01 00:00;Practice
9a1cde22-b3ea-41ee-aab8-8d7df6bf40ff;790f5c98-a14b-5e01-9aeb-3d7bd53e6ab4;3f19036a-652f-5654-ac1e-f9f7e45d8510;2019-09-01 00:00;Lecture
3742f55c-784a-465d-9945-766496e1810e;55af5694-ea6b-546e-ba30-d57dbf4408f7;11bba2b3-5f08-5d74-bb95-1d47d8492eca;2019-09-01 00:00;Lecture
802f2f83-d5f3-44e2-b3c1-f7159d44eb2d;55af5694-ea6b-546e-ba30-d57dbf4408f7;11bba2b3-5f08-5d74-bb95-1d47d8492eca;2019-09-01 00:00;Practice
d46e382f-b734-4bdf-a471-8339de631e91;3003dd5c-6599-5483-b6ba-5e742e7e5034;a02e63d0-4343-5181-b54b-a1974a8b411d;2019-09-01 00:00;Lecture
b8e7682a-0277-428c-90e2-3ebc5a08bc15;55af5694-ea6b-546e-ba30-d57dbf4408f7;769fe589-a04b-5746-8653-5fbf90337475;2019-09-01 00:00;Lecture
0e8f6282-d8a5-4d55-9649-a27e271931c9;55af5694-ea6b-546e-ba30-d57dbf4408f7;769fe589-a04b-5746-8653-5fbf90337475;2019-09-01 00:00;Practice
1b73ba81-a537-41b6-9ec6-cfcb92460fa2;0b81b72b-c7b2-5314-887b-2d634260e747;f2ef8953-db3c-5e81-9b38-a12c3ef2c173;2019-09-01 00:00;Lecture
e5ee677e-9924-4f4e-86fa-00e06c226774;0b81b72b-c7b2-5314-887b-2d634260e747;f2ef8953-db3c-5e81-9b38-a12c3ef2c173;2019-09-01 00:00;Practice
5cc7ee44-7a46-4941-8b60-1f68a15fffb0;966b5b4e-1bf4-59e8-9ada-498876471a2c;8ff3e6c0-1daa-5031-a6e8-eaec691564b8;2019-09-01 00:00;Lecture
cb13b295-2f9d-47ae-8938-8c48291e65c4;966b5b4e-1bf4-59e8-9ada-498876471a2c;8ff3e6c0-1daa-5031-a6e8-eaec691564b8;2019-09-01 00:00;Practice
7673dc69-141e-4a4d-8696-292d52eecc76;f9d2fa23-fc3d-5f78-aa5c-f292495ad5ae;54334789-01fa-554b-ac4b-c4f62e94a1a6;2019-09-01 00:00;Lecture
15c89b78-4fe3-4594-870b-c702625a5283;5a63ebe1-f011-50ef-a399-41155e5bd25a;3d5e077c-a7de-571a-83a4-70896775ccb8;2019-09-01 00:00;Practice
fec5aa30-ee2a-4589-afb4-1a1ffa1e8c54;0b81b72b-c7b2-5314-887b-2d634260e747;3d5e077c-a7de-571a-83a4-70896775ccb8;2019-09-01 00:00;Lecture
b95fcc08-50f9-4c89-9bb8-d80241155d5a;3003dd5c-6599-5483-b6ba-5e742e7e5034;ce6bd485-1654-51b9-969c-88abbbf3e565;2019-09-01 00:00;Seminar
1b19089a-7c00-4984-929c-2060f16826cf;c59e773a-5c3c-5593-b16a-a9753289e88d;48652a01-50b9-59d7-af57-0f00d09cdc05;2019-09-01 00:00;Lecture
baaea0be-9801-422c-8270-ee38ea7a783e;02bd73f5-30c2-5cde-8440-2dc08ad33b3c;327ccbcb-0362-5fdd-b65b-b7721019fc8d;2019-09-01 00:00;Lecture
78e5b182-1272-4ef8-bac2-d5e9a4cb6be7;02bd73f5-30c2-5cde-8440-2dc08ad33b3c;327ccbcb-0362-5fdd-b65b-b7721019fc8d;2019-09-01 00:00;Practice
cdbd8a82-bc3a-46db-9f52-ede903ca956c;2d4c98bf-5155-5345-9ac0-4a19ed699e43;43f39bcb-2a2d-5d38-81a7-ae2703b7e9a2;2019-09-01 00:00;Practice
44b170ca-b9bb-475e-a49c-f11a7d87bceb;41fb35d1-fb30-5b24-adee-81e506ed0005;43f39bcb-2a2d-5d38-81a7-ae2703b7e9a2;2019-09-01 00:00;Lecture
98001fac-6556-4267-a812-669bd8867ebd;41fb35d1-fb30-5b24-adee-81e506ed0005;43f39bcb-2a2d-5d38-81a7-ae2703b7e9a2;2019-09-01 00:00;Practice
6e9da652-2ab1-4fad-aa93-a37a8822eae0;1b54b061-635c-52a9-aec5-fe4045209293;ef42c973-864b-53f8-b008-9094e9eec8d7;2019-09-01 00:00;Practice
d19760fa-91ae-4dbc-918b-0d93a9477bd0;1b54b061-635c-52a9-aec5-fe4045209293;ef42c973-864b-53f8-b008-9094e9eec8d7;2019-09-01 00:00;Lecture
51ddeb28-b481-470b-a56e-4a2a5c248d65;02bd73f5-30c2-5cde-8440-2dc08ad33b3c;a90f8c12-d37e-5c45-89e1-b60ff970891d;2019-09-01 00:00;Lecture
2de2437f-1a94-4bf5-aa9b-9b9d1475638c;02bd73f5-30c2-5cde-8440-2dc08ad33b3c;a90f8c12-d37e-5c45-89e1-b60ff970891d;2019-09-01 00:00;Practice
1faaa180-e673-4fda-8e1d-65aceef1a4a2;6e23f4af-b35e-5609-9d2f-ae96287d4be8;a90f8c12-d37e-5c45-89e1-b60ff970891d;2019-09-01 00:00;Practice
5318628a-5753-4a59-9968-da8f684a4021;c53734d8-2a99-59ae-bb9d-63c3a53651bc;9a850536-6908-5800-bbac-a112d16fecc4;2019-09-01 00:00;Practice
16b6cb4a-78a0-41e2-8add-03be823c310f;c53734d8-2a99-59ae-bb9d-63c3a53651bc;9a850536-6908-5800-bbac-a112d16fecc4;2019-09-01 00:00;Lecture
c5053e44-8241-41da-92a6-2f226ffc88c3;992971e5-03d2-5f1b-bf30-92825b2c2a13;6788decb-e3ea-5d0e-975a-0ec1ca8f1c1f;2019-09-01 00:00;Lecture
b0623d77-fbf6-4067-93d0-1609a4ee4478;992971e5-03d2-5f1b-bf30-92825b2c2a13;6788decb-e3ea-5d0e-975a-0ec1ca8f1c1f;2019-09-01 00:00;Practice
2d563f7a-224a-4a0a-b700-95e2d1469753;6988f24b-c2e7-584c-b920-f5f1ca275c52;b7df462d-603c-5e63-9ef6-bfbf9adf8ce6;2019-09-01 00:00;Lecture
f76843cd-599f-4fe7-bb5a-b8585099207c;1dd5b430-f4b1-59b2-837c-eabd4f240392;b7df462d-603c-5e63-9ef6-bfbf9adf8ce6;2019-09-01 00:00;Practice
0d24fe04-114a-4cc7-8726-30d34d347dba;b97bd04b-b15c-5385-8dd7-5bc043d3b323;b7df462d-603c-5e63-9ef6-bfbf9adf8ce6;2019-09-01 00:00;Practice
1319eaf8-c5da-4e35-9851-85bc86036ead;a9de63b1-425e-5148-88f1-22cd66f67b8f;b40d3ac9-9461-5bc6-b6ec-6f9bb4cfdb6d;2019-09-01 00:00;Lecture
854e90f1-eedc-4710-8f94-2b23001408ce;413da680-6330-588c-abcd-00603d7aed6f;b40d3ac9-9461-5bc6-b6ec-6f9bb4cfdb6d;2019-09-01 00:00;Practice
6c97aae5-5dfc-4149-bb61-d8be1b036227;2d4c98bf-5155-5345-9ac0-4a19ed699e43;b40d3ac9-9461-5bc6-b6ec-6f9bb4cfdb6d;2019-09-01 00:00;Practice
b4094f03-ae02-4a2f-8af9-2e8a74c67ff8;413da680-6330-588c-abcd-00603d7aed6f;1980b15b-7dbd-5e30-abff-f1e1a0d6d93b;2019-09-01 00:00;Lecture
d6ff0b6d-7fed-4564-95e8-c440741ad5bf;cb4abf6f-b625-508f-8c9c-76ae25d70bc3;1980b15b-7dbd-5e30-abff-f1e1a0d6d93b;2019-09-01 00:00;Practice
77f10471-cc4a-4191-aa11-6fe531ed4645;e471e496-39da-5fe4-8dbd-b59301a86f9f;1980b15b-7dbd-5e30-abff-f1e1a0d6d93b;2019-09-01 00:00;Practice
2796bb40-c218-4eaf-9e43-86a24be8e4d6;a9de63b1-425e-5148-88f1-22cd66f67b8f;1980b15b-7dbd-5e30-abff-f1e1a0d6d93b;2019-09-01 00:00;Lecture
5fdcd121-5078-405a-b583-aa9727463c87;5a63ebe1-f011-50ef-a399-41155e5bd25a;5dd4e128-842b-5a4b-b08a-47ffca0414e2;2019-09-01 00:00;Practice
80737478-4581-4505-90f8-8a16626716cd;5a63ebe1-f011-50ef-a399-41155e5bd25a;5dd4e128-842b-5a4b-b08a-47ffca0414e2;2019-09-01 00:00;Lecture
2b01b7a2-5ee9-4a7f-a88c-ba3efb51e897;4d646ec5-63ca-5b08-842c-f1e1072aeb99;5dd4e128-842b-5a4b-b08a-47ffca0414e2;2019-09-01 00:00;Practice
5412bef4-fe96-467b-86a3-b4abd670a07a;942f82b1-aa8d-5382-bb8d-dc06b0f5b2ae;9a271b07-8e9e-52ca-ae10-c429e3209690;2019-09-01 00:00;Lecture
6d65577b-3bbe-4379-85e1-f74ccb42469f;6db311c4-adde-5b15-adfe-1c75269902c8;db1c66c9-32ac-5bbf-9e91-96a01afb31a3;2019-09-01 00:00;Lecture
38be4506-03f1-401a-963b-6568ecdfc9ec;6db311c4-adde-5b15-adfe-1c75269902c8;db1c66c9-32ac-5bbf-9e91-96a01afb31a3;2019-09-01 00:00;Practice
9786ca12-47c9-40c0-a13f-25592258f3c2;550119ba-7bd6-56f0-9829-b599c21a7e65;0aa09737-e019-5753-879c-0d846fa7b46c;2019-09-01 00:00;Lecture
9ca83649-6ca6-4617-b85f-25fd3b09fafd;550119ba-7bd6-56f0-9829-b599c21a7e65;0aa09737-e019-5753-879c-0d846fa7b46c;2019-09-01 00:00;Practice
ba8a147b-0da9-4f31-8202-d08ba8acc37e;cb4abf6f-b625-508f-8c9c-76ae25d70bc3;0aa09737-e019-5753-879c-0d846fa7b46c;2019-09-01 00:00;Lecture
eb32a19f-fb45-44d6-9a44-353bc99979f6;cb4abf6f-b625-508f-8c9c-76ae25d70bc3;0aa09737-e019-5753-879c-0d846fa7b46c;2019-09-01 00:00;Practice
83cd605e-8aba-4d83-a559-2c1e5c715a68;413da680-6330-588c-abcd-00603d7aed6f;0aa09737-e019-5753-879c-0d846fa7b46c;2019-09-01 00:00;Practice
965da2bd-5e86-40f5-830e-7660d3cd5ebe;41fb35d1-fb30-5b24-adee-81e506ed0005;e19a6cb8-95a0-57c5-8f63-afaaa328f987;2019-09-01 00:00;Lecture
13614927-350e-4659-9a05-1ebdf3c58310;1713d895-c6af-581f-80e6-4fe4e0f8d201;267640a4-526e-5467-9abb-446c47b8f8d7;2019-09-01 00:00;Lecture
6d76a652-61b9-4741-a1be-a16365d966c0;1713d895-c6af-581f-80e6-4fe4e0f8d201;267640a4-526e-5467-9abb-446c47b8f8d7;2019-09-01 00:00;Practice
fe44cc41-a3c9-480a-8094-68f2a11bf2b8;843732fe-826f-50a8-afbf-611f10f52701;adf4060a-222a-527b-abe0-7501ab81389d;2019-09-01 00:00;Lecture
4212895f-46f1-4e88-b61f-dd5cc10f10c2;942f82b1-aa8d-5382-bb8d-dc06b0f5b2ae;64df687f-2ebc-5eea-a8d3-d302817b847d;2019-09-01 00:00;Lecture
fe61f5fb-1998-4608-b12e-f010c0a44638;be43a686-0e6d-51bb-9fef-2dffeae7d2c0;64df687f-2ebc-5eea-a8d3-d302817b847d;2019-09-01 00:00;Practice
780dbb3e-fc45-4929-9bc2-3f133b7b1a41;be43a686-0e6d-51bb-9fef-2dffeae7d2c0;64df687f-2ebc-5eea-a8d3-d302817b847d;2019-09-01 00:00;Lecture
a20b446f-fe08-419a-b129-baa85c1dc5aa;c6121337-74d1-5648-b2d4-f8a69cc81d5a;526c44dd-189f-57d7-81d0-0f12197e3998;2019-09-01 00:00;Lecture
43e18f1e-f226-40fb-90b5-08b5b103c382;3d7a28d4-b794-5094-8a1b-a3c801385d96;355206a8-8c34-5444-b49e-b09b580fa351;2019-09-01 00:00;Practice
7afaa46c-03f9-4167-8cb7-5e7107914c41;3d7a28d4-b794-5094-8a1b-a3c801385d96;355206a8-8c34-5444-b49e-b09b580fa351;2019-09-01 00:00;Lecture
04acf558-bdaf-49d1-8cf1-1edc2717af6b;be43a686-0e6d-51bb-9fef-2dffeae7d2c0;859f8d95-f67d-5b5b-9f21-183f4f85b2e9;2019-09-01 00:00;Lecture
65d602df-5c55-4893-baa4-246deb0c58eb;7b035bb0-3acb-5299-be07-0c57be893b63;8aaaf8eb-2896-5c9a-8e91-21f283d35c93;2019-09-01 00:00;Lecture
a91949b8-2a7a-430e-839a-1af4c6507c17;7b035bb0-3acb-5299-be07-0c57be893b63;8aaaf8eb-2896-5c9a-8e91-21f283d35c93;2019-09-01 00:00;Practice
2eb76eae-1196-4bcd-a03d-4e9cfd74730d;1f443de9-d9bf-5e26-b043-cd9bf0a3f2ae;4a201a4e-2bd1-5924-903f-849a100f178e;2019-09-01 00:00;Lecture
a821a998-46f8-4a8d-8de6-533f15bb92a7;53cb08bf-a1cf-54eb-8c20-bafda7bc12f3;e401a421-02ef-5e5e-8ff7-075e0c2a1321;2019-09-01 00:00;Lecture
c5f8cb4d-b75b-4b6e-b3b9-a97f134b31c3;0b81b72b-c7b2-5314-887b-2d634260e747;2364b273-614d-5156-b0e8-6956995dfed3;2019-09-01 00:00;Lecture
d2e32209-4673-4f26-8c1b-8829788a21a8;0b81b72b-c7b2-5314-887b-2d634260e747;2364b273-614d-5156-b0e8-6956995dfed3;2019-09-01 00:00;Practice
aaa25362-18b8-4e25-aff9-3ff7437d0a23;53cb08bf-a1cf-54eb-8c20-bafda7bc12f3;2364b273-614d-5156-b0e8-6956995dfed3;2019-09-01 00:00;Practice
ac22acdb-f8f6-47f5-8809-a21f4d73d803;38e719ae-f3f4-562a-9453-c1eceaf86226;2364b273-614d-5156-b0e8-6956995dfed3;2019-09-01 00:00;Practice
df5fb17e-ea62-47e2-bc1e-da253df073a5;cf8ff3bf-eed8-53d1-bec6-238f15783bba;2364b273-614d-5156-b0e8-6956995dfed3;2019-09-01 00:00;Practice
cdf054d9-9b45-4c5e-b0dd-d472c01dfe84;d261dfad-68a5-54d4-8659-04b1c3f85a23;46c64ebb-d521-5684-9046-f7b4d9881463;2019-09-01 00:00;Lecture
b2893618-705b-4b20-a8f3-46ba543f6695;d328fdb6-062a-59ab-9efd-555b75844474;3fe16776-a470-54b8-ab5e-826243505304;2019-09-01 00:00;Practice
4e10f935-21e2-472d-8f31-373d8d7361e7;d328fdb6-062a-59ab-9efd-555b75844474;3fe16776-a470-54b8-ab5e-826243505304;2019-09-01 00:00;Lecture
e72f1a1e-bfb0-4297-9646-a8f6c6851e7a;635ebef8-d49b-5e71-bdcc-872a6c16ae05;3fe16776-a470-54b8-ab5e-826243505304;2019-09-01 00:00;Practice
e4d5b30c-cf0f-475d-b13d-2c2fc4536e79;5f4a905c-1f65-5657-a9e8-92a452c06f53;3fe16776-a470-54b8-ab5e-826243505304;2019-09-01 00:00;Practice
64786a8a-6662-4a6f-a1f0-fb9cbc16ce9a;5f4a905c-1f65-5657-a9e8-92a452c06f53;7b3545cb-1e76-5ca7-8533-3677738834f7;2019-09-01 00:00;Practice
a439d33c-0209-45d9-ac85-deaa008e471d;d328fdb6-062a-59ab-9efd-555b75844474;7b3545cb-1e76-5ca7-8533-3677738834f7;2019-09-01 00:00;Lecture
664ed8bf-553f-4479-b469-a122370cc871;2394bd4e-6da4-5f30-86e7-de6c3794387d;be6a36c5-979b-581f-9fe8-ec1a31de6051;2019-09-01 00:00;Lecture
f5111b65-19ce-4de1-be6a-a3b83732b895;2394bd4e-6da4-5f30-86e7-de6c3794387d;be6a36c5-979b-581f-9fe8-ec1a31de6051;2019-09-01 00:00;Practice
c880357a-3ac1-4557-a29a-dbb834e3571e;ef1e8c9a-6206-55e9-b197-be6cdd99c239;b2052633-a075-52e1-a093-3f53262d455d;2019-09-01 00:00;Lecture
fb0df94e-48ca-4900-a0a9-31363acdab96;9601d4a1-2814-529b-9e6a-010ecf3bf1b5;0fe00a6f-b78b-5ae1-a812-fcd01d28ae4d;2019-09-01 00:00;Lecture
62a0d5bf-d9ed-4714-92b3-0ff3bc520b00;6988f24b-c2e7-584c-b920-f5f1ca275c52;5b08cbfc-1273-5073-9266-7ad958c4fb6d;2019-09-01 00:00;Lecture
d0e88c54-adfb-4e47-a430-61e8434e7e50;150210fb-9b66-5386-9e0d-49aebf8e54d5;6a04567f-7849-52a3-a33e-44769dbab424;2019-09-01 00:00;Lecture
ea7d799d-dcb3-480d-98bd-46ea1d4f25d0;582fbf3a-4fc2-5e96-82ad-39f856e78be8;2205e720-7f8c-5907-b4b8-cdd730be7857;2019-09-01 00:00;Lecture
baf94da1-aafe-4eed-9c86-0120b5dd8f68;582fbf3a-4fc2-5e96-82ad-39f856e78be8;2205e720-7f8c-5907-b4b8-cdd730be7857;2019-09-01 00:00;Practice
e3d35c3e-d2b9-49ae-bcbf-43b5a314c614;9b6e2651-30ff-5ce4-b14b-db8e6a466cb9;5a93da01-b76f-5845-b5b1-1949f7e764d3;2019-09-01 00:00;Practice
29e8b7b2-ddc0-48ba-8a4b-bc4d898716e5;b7ba1118-f559-52b9-a7c3-b63064babb89;5a93da01-b76f-5845-b5b1-1949f7e764d3;2019-09-01 00:00;Practice
95a547f0-3440-4477-817f-0974d66d1dcf;b7ba1118-f559-52b9-a7c3-b63064babb89;5a93da01-b76f-5845-b5b1-1949f7e764d3;2019-09-01 00:00;Lecture
c5dcec43-9202-441a-9604-879b284d02f4;309dfe6c-bc86-5f7b-acf6-4f9eed1e5a6b;22bd2996-9b81-5008-a875-2c2b5c583cc9;2019-09-01 00:00;Lecture
94a4e5f1-d657-48c0-9554-fd71e505527e;309dfe6c-bc86-5f7b-acf6-4f9eed1e5a6b;22bd2996-9b81-5008-a875-2c2b5c583cc9;2019-09-01 00:00;Practice
4cc0f44f-1e86-416d-9d1d-bb1a866c8442;021f61f6-d8fc-5eeb-b069-362be3e79516;c51bbbe9-4e30-5c5d-b825-d81d34661bfe;2019-09-01 00:00;Practice
20ff2fa2-e994-4857-b7d0-9479669f831b;021f61f6-d8fc-5eeb-b069-362be3e79516;c51bbbe9-4e30-5c5d-b825-d81d34661bfe;2019-09-01 00:00;Lecture
11094cb5-72d3-452e-880f-8241fdf24a23;e879f3df-f324-59d5-9753-3c384a0b2d8e;c51bbbe9-4e30-5c5d-b825-d81d34661bfe;2019-09-01 00:00;Practice
deb6fa62-f21e-49b4-a0ad-cb97e5b9a73c;5d39a92e-8206-5da0-9b05-b9893a23253b;942e9cc7-ac27-5f47-aa89-336f86a34cfc;2019-09-01 00:00;Lecture
5e246bf7-65d9-432f-bd09-80dc2fec86f5;f0866ac1-bad3-5dd9-8f0c-ddd6fa483c47;942e9cc7-ac27-5f47-aa89-336f86a34cfc;2019-09-01 00:00;Lecture
a3bc7880-cba3-498f-afb2-009ba417870f;95669f8c-bf02-561b-9b95-d0d52792ab94;942e9cc7-ac27-5f47-aa89-336f86a34cfc;2019-09-01 00:00;Lecture
a31d002d-19bb-40bd-9bb5-a76d7f7b4bc1;4e6c16ff-6c5a-565f-8c18-8ce921a304b8;cb3a12e0-09e2-542b-b9d7-46e74db024c8;2019-09-01 00:00;Practice
c5ee09ea-d9dd-44d0-a4e4-0a633ddccbd6;966b5b4e-1bf4-59e8-9ada-498876471a2c;cb3a12e0-09e2-542b-b9d7-46e74db024c8;2019-09-01 00:00;Practice
3d9155a6-317a-4df7-abf1-5511f53a89f4;b23e841d-d3ee-5574-a26d-7ffdbcd2495c;cb3a12e0-09e2-542b-b9d7-46e74db024c8;2019-09-01 00:00;Practice
e3d08d7f-9339-4b4c-b009-c1eeb283f051;966b5b4e-1bf4-59e8-9ada-498876471a2c;cb3a12e0-09e2-542b-b9d7-46e74db024c8;2019-09-01 00:00;Lecture
743a255b-8b10-4683-b60b-a01441b862cf;c97154fd-0f09-5860-b525-b35aee80e684;cb3a12e0-09e2-542b-b9d7-46e74db024c8;2019-09-01 00:00;Practice
d182d796-5b15-4ff2-8e77-1d77d41abb34;f59036c0-bd73-5a28-9442-9446d93b681f;cb3a12e0-09e2-542b-b9d7-46e74db024c8;2019-09-01 00:00;Lecture
f0a0368e-b869-4712-923e-b8d5aae9e6ed;15af6df9-41af-5459-bbf3-4000ec7b4a6d;21d8e2bd-a628-508c-bb54-36d8b9b79d8a;2019-09-01 00:00;Lecture
a6f85bdc-21c2-4aac-872a-2622516438f0;6bc50396-2323-5df2-84df-a4994d46a37d;e8e6b74d-7aa0-5568-a899-d01d7bbbd1f1;2019-09-01 00:00;Lecture
f2c27f3f-b994-4ed7-b8af-ddcec8c68659;6bc50396-2323-5df2-84df-a4994d46a37d;93bd5dc6-6776-549e-83ca-1264dd2d14d1;2019-09-01 00:00;Lecture
1fb24a82-e0cb-4402-bf0b-e7dfb716e412;6234e8b3-08c6-5994-ac66-d7ac7c4edef7;24d832db-41dc-5458-8489-b1e5af87d845;2019-09-01 00:00;Practice
4d463853-7369-45ea-a182-80511819cc56;6234e8b3-08c6-5994-ac66-d7ac7c4edef7;24d832db-41dc-5458-8489-b1e5af87d845;2019-09-01 00:00;Lecture
14c7b076-9150-4dd4-9041-d73c2668775d;1f6f7a7d-3aa3-577b-b5ae-5d2916d1cf2e;a3c640c1-b1dd-5d25-8392-804c9c7017d2;2019-09-01 00:00;Practice
2bcd6b40-00f2-4762-8595-bb465d05be9d;1f6f7a7d-3aa3-577b-b5ae-5d2916d1cf2e;a3c640c1-b1dd-5d25-8392-804c9c7017d2;2019-09-01 00:00;Lecture
84cbb5fa-e272-4f26-a167-c961873d996f;62b90f5c-a9e2-58f3-b3d9-307dd7501817;5aa3a675-b9a2-5a75-b623-c96bc0e2e09b;2019-09-01 00:00;Practice
1416b043-d655-468c-8cf4-fc4523838563;62b90f5c-a9e2-58f3-b3d9-307dd7501817;5aa3a675-b9a2-5a75-b623-c96bc0e2e09b;2019-09-01 00:00;Lecture
1acd68b0-056d-4bd2-b3c0-e521964d761b;e625f32f-89e8-5aa6-9d9a-f2668db06efe;5aa3a675-b9a2-5a75-b623-c96bc0e2e09b;2019-09-01 00:00;Practice
80b1b2ec-fcd3-41d5-92b8-5036cd27b4f0;f4e67335-7911-5c48-b8a3-13fc00f6959c;c2635c5f-35ed-552e-9ca5-dde591e7a4b8;2019-09-01 00:00;Lecture
2298b0bd-3ce4-4f19-956c-2d97b4d5a183;6f7ddb2c-849b-59b4-97d3-e3d5e5509862;6983e2c5-5d4a-58bf-a2d5-aa7e60da6ea2;2019-09-01 00:00;Practice
031684ae-a612-4a56-9270-80deea220a4f;6f7ddb2c-849b-59b4-97d3-e3d5e5509862;6983e2c5-5d4a-58bf-a2d5-aa7e60da6ea2;2019-09-01 00:00;Lecture
30b25bcd-e340-4721-84dc-ff6e9b57abf1;1a9b3214-4f40-51b4-b943-7dfed138e521;1fc0cde7-a249-5e67-9790-a8ac7c559a8f;2019-09-01 00:00;Lecture
d2b3bb4c-36d1-4971-8c20-1e17e3be4e86;1a9b3214-4f40-51b4-b943-7dfed138e521;1fc0cde7-a249-5e67-9790-a8ac7c559a8f;2019-09-01 00:00;Practice
dd6b1543-417c-4b03-b4e0-5f1c9681a3d0;6bc50396-2323-5df2-84df-a4994d46a37d;fcbdc906-30b8-5523-b2aa-7fcd28bd333d;2019-09-01 00:00;Lecture
f44c384c-15ce-44e9-a7ac-364984485f35;6bc50396-2323-5df2-84df-a4994d46a37d;fcbdc906-30b8-5523-b2aa-7fcd28bd333d;2019-09-01 00:00;Practice
e2b56884-1d10-48bb-b4a1-a9e749f88e32;6bc50396-2323-5df2-84df-a4994d46a37d;e622cd99-c88b-5f55-954e-23e9f44a4bcd;2019-09-01 00:00;Lecture
22c84828-0517-4e47-9186-80c4b15f5b07;6bc50396-2323-5df2-84df-a4994d46a37d;e622cd99-c88b-5f55-954e-23e9f44a4bcd;2019-09-01 00:00;Practice
df6ae47f-9285-4b83-9912-feeef4ad5867;1a9b3214-4f40-51b4-b943-7dfed138e521;283f34cd-deac-5889-85e8-05aad0fd6b8a;2019-09-01 00:00;Practice
2ab7552c-4b89-47ef-9df3-c5df72ed8a4f;4a6d13cb-5ec9-5ace-87ab-31c56ecc81c0;283f34cd-deac-5889-85e8-05aad0fd6b8a;2019-09-01 00:00;Lecture
b30a4d24-037a-43ae-a78b-41f0938a32dd;ff5de7a7-7e24-570a-a4ed-545238b177e2;283f34cd-deac-5889-85e8-05aad0fd6b8a;2019-09-01 00:00;Practice
f3ece6d6-1460-4922-8083-7a36ccd50ca5;1a9b3214-4f40-51b4-b943-7dfed138e521;283f34cd-deac-5889-85e8-05aad0fd6b8a;2019-09-01 00:00;Lecture
98766ee6-d30f-4061-bb5d-ea38abf20442;a250424d-2c7c-5862-8bf9-08fe99823c54;da5f61cc-62a7-566d-9f8d-7e00733019e7;2019-09-01 00:00;Practice
b6ada1a9-e153-40f0-a6bc-70908a95689f;dfebd9ae-ab94-5d80-a8b8-7f92d8ea0952;da5f61cc-62a7-566d-9f8d-7e00733019e7;2019-09-01 00:00;Lecture
f748a3a5-cf76-4039-a9a5-e904e645ed0a;dfebd9ae-ab94-5d80-a8b8-7f92d8ea0952;da5f61cc-62a7-566d-9f8d-7e00733019e7;2019-09-01 00:00;Practice
1b816ebf-aa93-457e-854d-4fec70a7c4da;4e6c16ff-6c5a-565f-8c18-8ce921a304b8;da5f61cc-62a7-566d-9f8d-7e00733019e7;2019-09-01 00:00;Practice
7aec6663-19d5-434d-ab06-9d62651c7dbe;e0f4eb35-64c3-5c86-b1c3-28bed71c2468;f8240478-1721-5db7-a5b9-596ff2aa5fdf;2019-09-01 00:00;Lecture
35777a2a-9e53-4222-8147-b9451984c27b;e0f4eb35-64c3-5c86-b1c3-28bed71c2468;f8240478-1721-5db7-a5b9-596ff2aa5fdf;2019-09-01 00:00;Practice
97ce4b41-0df7-490f-bb6b-7c860e905aaf;89ee825b-14e5-5f93-9f9f-792164fb1b5c;f8240478-1721-5db7-a5b9-596ff2aa5fdf;2019-09-01 00:00;Practice
6df0b238-c721-405a-bfa7-353d603de9ba;4e6c16ff-6c5a-565f-8c18-8ce921a304b8;7a991d73-73d6-5fa7-b373-391bb6539e33;2019-09-01 00:00;Practice
d7dd8e39-9d4f-40e2-9ef4-02cdc981076d;4e6c16ff-6c5a-565f-8c18-8ce921a304b8;7a991d73-73d6-5fa7-b373-391bb6539e33;2019-09-01 00:00;Lecture
d2a8e8f7-a9d4-46e6-87ba-f050e7b3c98a;8e7b87e6-2bb6-50d5-9d6a-b289cfa65372;e9b90c83-a9e8-5525-b8e7-326ed7c144b0;2019-09-01 00:00;Practice
1b6e7bbc-8c34-4eb6-8493-9d52105e1e96;8e7b87e6-2bb6-50d5-9d6a-b289cfa65372;e9b90c83-a9e8-5525-b8e7-326ed7c144b0;2019-09-01 00:00;Lecture
223a987a-48a3-402e-8882-ece382b30ab1;f609838d-f2b5-5437-b4b1-33f3ae5fbc3f;37a3dbda-5719-5ff8-a7eb-9ee9018e1354;2019-09-01 00:00;Lecture
e1dcf581-206a-4106-9fc1-2d63063e8e10;9601d4a1-2814-529b-9e6a-010ecf3bf1b5;851b53c1-437f-5669-9abb-f1a2e467474e;2019-09-01 00:00;Lecture
81741d3b-103f-4484-aba9-0cb9ce565f76;b97bd04b-b15c-5385-8dd7-5bc043d3b323;851b53c1-437f-5669-9abb-f1a2e467474e;2019-09-01 00:00;Practice
c1ec48bd-3ac8-4685-a10c-4fe56ceaefc7;3f60a7e8-b7d1-5afd-847c-c7e473b64471;6e679059-e427-5cf3-99fb-7e711d79339c;2019-09-01 00:00;Practice
c1038f31-6dee-4e1b-b086-0af4294157c0;3f60a7e8-b7d1-5afd-847c-c7e473b64471;6e679059-e427-5cf3-99fb-7e711d79339c;2019-09-01 00:00;Lecture
625d12ab-fb25-4f27-a1ad-1b6a4c509049;3f60a7e8-b7d1-5afd-847c-c7e473b64471;36aeb041-7c72-518f-9eca-102a380f5efe;2019-09-01 00:00;Lecture
7920e99e-907b-4200-b495-70429ac26513;3f60a7e8-b7d1-5afd-847c-c7e473b64471;36aeb041-7c72-518f-9eca-102a380f5efe;2019-09-01 00:00;Practice
4be1f6cc-76b0-42f4-9fd8-971086c3b798;10ed0f82-4fae-5712-89d9-cecf0dfd7f3a;36aeb041-7c72-518f-9eca-102a380f5efe;2019-09-01 00:00;Practice
45eadf85-913c-4986-a636-291d0778b280;c53734d8-2a99-59ae-bb9d-63c3a53651bc;8dc2b785-31de-54fc-802d-01eea5edfb41;2019-09-01 00:00;Lecture
68780d2b-a43a-4d3c-a2f3-392dcf752c0a;f0866ac1-bad3-5dd9-8f0c-ddd6fa483c47;5b55a219-d60b-5cc4-9667-6dde8093957f;2019-09-01 00:00;Lecture
3eddb181-9992-4fad-94b7-7d3e18fc8287;1b54b061-635c-52a9-aec5-fe4045209293;e81beaa0-c108-5813-bf03-4461316cbae7;2019-09-01 00:00;Lecture
757df995-0ffe-4a0e-ba64-efe4761ad75e;35e29410-2fe3-5dbc-b0b1-21e361e21dfe;3bfa735d-8665-5d4a-9994-b4e1ce5cec10;2019-09-01 00:00;Practice
d5cf33f0-1cfa-47ec-ad62-d9ca80eb43a2;35e29410-2fe3-5dbc-b0b1-21e361e21dfe;3bfa735d-8665-5d4a-9994-b4e1ce5cec10;2019-09-01 00:00;Lecture
4471fa1f-9654-47cc-b293-8e648cf6a82f;6930b18c-5e40-5904-8061-144d929e4706;3bfa735d-8665-5d4a-9994-b4e1ce5cec10;2019-09-01 00:00;Lecture
3d2abafb-c623-41bb-9885-99d0f8229b1d;6930b18c-5e40-5904-8061-144d929e4706;3bfa735d-8665-5d4a-9994-b4e1ce5cec10;2019-09-01 00:00;Practice
26472924-e3fc-45d0-a12c-174f7e9c746b;6930b18c-5e40-5904-8061-144d929e4706;a152f960-a4b2-52d3-b3a3-8c3c47e0addc;2019-09-01 00:00;Practice
d0083d46-fff6-48fc-9c2a-ab1227882f75;6930b18c-5e40-5904-8061-144d929e4706;a152f960-a4b2-52d3-b3a3-8c3c47e0addc;2019-09-01 00:00;Lecture
4683820c-00ef-491f-a5b5-83539aa3d63e;d58c7f95-ce7c-58d6-a79b-ee11aea23960;43e5a848-f263-541c-b7e6-cad9777abb5c;2019-09-01 00:00;Lecture
8a44b9e6-abb5-44fc-93c1-307cc9e3ba23;1d36f5ea-bf8d-5fb8-8107-5ab5f910e4d6;43e5a848-f263-541c-b7e6-cad9777abb5c;2019-09-01 00:00;Lecture
69a1023c-f975-40e4-a9ba-0ed5ee08a1bf;b112ad5f-dd5b-5e47-b242-a88d37b3b036;e9128863-2658-59b4-ace0-d1484ffc08ed;2019-09-01 00:00;Lecture
aa8ee918-a2e5-408d-8c6a-27fe2e1b7b9c;ebc03456-3255-5279-9419-7eaabff57cba;513b4d7b-1b7f-5560-ab70-404a933482ab;2019-09-01 00:00;Practice
36d2e088-80ed-4826-aec2-a8168481d0bc;b54176b5-7c5d-5345-8ffd-0983c4084f8c;513b4d7b-1b7f-5560-ab70-404a933482ab;2019-09-01 00:00;Lecture
26627a1b-b7bc-43ac-af4f-a29dac9887be;a9de63b1-425e-5148-88f1-22cd66f67b8f;d3815f49-6d61-5d04-b77b-5a2b83931a0c;2019-09-01 00:00;Lecture
a804973c-4584-4163-90cb-5bca896e8946;ac383400-e4c0-5a50-8659-90148837e8ba;3f82e036-c8d4-58f3-9239-38561cbf789d;2019-09-01 00:00;Lecture
77a1600f-6fde-4d48-b95e-3178e2232397;ac383400-e4c0-5a50-8659-90148837e8ba;3f82e036-c8d4-58f3-9239-38561cbf789d;2019-09-01 00:00;Practice
3dae0335-54f4-4adf-b1af-822b7496fde6;c53734d8-2a99-59ae-bb9d-63c3a53651bc;eb26a7df-d15c-51cb-aadd-3260aa872b13;2019-09-01 00:00;Lecture
5a45c271-7385-42ca-916f-582141355209;a959eda9-d6ea-513d-b150-3c2b6fd8dd96;e4245a96-ea70-5523-bccf-98e7653bd6c8;2019-09-01 00:00;Lecture
f1c52062-2e0d-4b48-b5ba-ff632dc7d3a1;a1c1d016-5bf4-5b66-bcaf-155b06a038c0;e4245a96-ea70-5523-bccf-98e7653bd6c8;2019-09-01 00:00;Lecture
f43159ec-48c8-4e6d-a437-059df19c9751;a1c1d016-5bf4-5b66-bcaf-155b06a038c0;e4245a96-ea70-5523-bccf-98e7653bd6c8;2019-09-01 00:00;Practice
5ef8c389-5e9c-43d1-b9c4-6e694ec1d860;3d1c39c9-5271-55ad-8415-aed7c8578755;e4245a96-ea70-5523-bccf-98e7653bd6c8;2019-09-01 00:00;Practice
acc9ae92-16a4-4443-aafe-29b11529f324;03f9456e-0fbd-53af-a6ee-4ae031359554;e4245a96-ea70-5523-bccf-98e7653bd6c8;2019-09-01 00:00;Practice
86683b66-e22a-4df3-a41a-cf5fc4844ac4;3ad6c868-a387-5cec-b13d-9482f2303291;e4245a96-ea70-5523-bccf-98e7653bd6c8;2019-09-01 00:00;Practice
2e16a4c4-f84d-4ef9-8f5d-f164d3f16d31;68c993ce-7041-57b2-825a-aaf4a34e3ef5;e4245a96-ea70-5523-bccf-98e7653bd6c8;2019-09-01 00:00;Practice
1c376c09-4bf7-4999-aa78-510175998717;5cd8dbfe-2870-59d7-a8b4-350d2cd344a4;4cd162f8-8d3a-56f2-9806-8f7c7383e5db;2019-09-01 00:00;Lecture
53a79739-af19-4da4-b5b9-04782e26673d;e3b8f8e5-3765-59c1-a2c6-4c7aaf30f468;4cd162f8-8d3a-56f2-9806-8f7c7383e5db;2019-09-01 00:00;Practice
ed020e6a-6790-4243-9162-8f58399c5c64;ceb586ef-7c64-57d6-9ee8-8e040a4e6b43;f1b399c2-f23f-557e-b0b0-8dc8bfd3d7fd;2019-09-01 00:00;Lecture
44946ba1-f1a2-4bda-b26d-138ffc4d00fd;ceb586ef-7c64-57d6-9ee8-8e040a4e6b43;f1b399c2-f23f-557e-b0b0-8dc8bfd3d7fd;2019-09-01 00:00;Practice
3e7cd089-984a-4b26-a236-5f798452e878;be43a686-0e6d-51bb-9fef-2dffeae7d2c0;5b4b7c12-f587-5657-bfa2-00df61dd4663;2019-09-01 00:00;Lecture
215212f2-6cce-4dba-8cbe-f990a4ee4192;5e4a02b5-133e-5d5e-9b86-b91736e0aae3;5b4b7c12-f587-5657-bfa2-00df61dd4663;2019-09-01 00:00;Practice
f9cd74c5-af2d-47c7-9071-510919fe08be;5bc999ec-ea48-5233-a6c4-c1ea3ea4ed9f;5b4b7c12-f587-5657-bfa2-00df61dd4663;2019-09-01 00:00;Lecture
a1cafd2b-f304-4827-a6c9-2ea17b6830dd;2a725c70-5bf3-5e46-a56b-9e7931aef159;143bc9e0-1550-5bc8-91cc-38129c7484b2;2019-09-01 00:00;Lecture
07095aa9-fc68-4bec-906a-bfbc70b8720e;c0f0a9ce-5d03-5c13-9d9e-043919a0838e;0438037c-1748-5368-8d40-8e4ab58fd855;2019-09-01 00:00;Lecture
986bd07a-b109-4cb3-ac9b-1276f4ec5133;ae0e39c5-6d6e-5170-9c3a-8d68d6c0a401;0438037c-1748-5368-8d40-8e4ab58fd855;2019-09-01 00:00;Practice
e9643d05-cbcb-4b9d-87c9-ad4539a6ca1a;ffd43d41-0192-5bff-85a7-c16e0a1b0047;7d865835-0ea5-574d-a004-5fee9d288423;2019-09-01 00:00;Lecture
7a2f5edc-b5c6-4533-8c27-ee47465097b0;eb8c7ec6-956d-5462-860d-79889e5ba59d;34d7d859-2647-5a19-b348-361b1b3bc516;2019-09-01 00:00;Lecture
170517e0-5b16-4527-ba1b-83f33515fc04;d58c7f95-ce7c-58d6-a79b-ee11aea23960;34d7d859-2647-5a19-b348-361b1b3bc516;2019-09-01 00:00;Lecture
b0e6d166-aae1-4e42-a888-c9c615607bab;24dc899a-1e62-5b9e-9014-96c4d06a2b2d;21a0beb2-aa49-5fc2-8b0e-fd585fe3a578;2019-09-01 00:00;Lecture
a4e346c5-1cf6-469b-9b68-012c7e6ab380;29622f76-613b-54b5-9900-adc8f2831d64;21a0beb2-aa49-5fc2-8b0e-fd585fe3a578;2019-09-01 00:00;Lecture
1e2d5527-c94a-4177-819b-76e819cb6702;3a2d77a2-fc3e-5be5-b506-bba8f6a92c1b;21a0beb2-aa49-5fc2-8b0e-fd585fe3a578;2019-09-01 00:00;Lecture
b12caafd-b3d3-45fe-a36f-96690c9377fb;d58c7f95-ce7c-58d6-a79b-ee11aea23960;21a0beb2-aa49-5fc2-8b0e-fd585fe3a578;2019-09-01 00:00;Lecture
66f43c22-752c-40c0-8bc3-4e63422f9f4a;3573249b-5978-509c-b2be-eeee6ddea389;21a0beb2-aa49-5fc2-8b0e-fd585fe3a578;2019-09-01 00:00;Lecture
fff854ca-8b8e-4131-9739-2011a4e266e4;39d6a49e-871b-5bf6-bbe7-2ab42c88ee7d;21a0beb2-aa49-5fc2-8b0e-fd585fe3a578;2019-09-01 00:00;Lecture
4bba5bb0-47bc-412d-90d3-d0075677bb17;dbcd1b88-4e52-5752-ad43-892ba8bc3fc2;21a0beb2-aa49-5fc2-8b0e-fd585fe3a578;2019-09-01 00:00;Lecture
8af03732-4b27-43fe-a926-1db2e6bd8c2f;15bb7f28-d3fe-5205-86e2-6ac6ac93053d;21a0beb2-aa49-5fc2-8b0e-fd585fe3a578;2019-09-01 00:00;Lecture
72317dd8-ad3e-497d-b356-1e6ac20a9b9d;55d9500f-5973-5adb-b3ff-c432aa0c98c2;8e3b2a4f-460b-5621-b876-99e12cd925d1;2019-09-01 00:00;Lecture
8f8b6686-363e-4aca-b2f2-c294ec94851d;d5dde341-b67a-5f30-b229-bde6d2648dcc;8ffea7fd-75eb-560b-8987-b65683f39084;2019-09-01 00:00;Lecture
3bf6ebb8-4b12-4fe4-89b5-a3c15e39a1b3;d5dde341-b67a-5f30-b229-bde6d2648dcc;8ffea7fd-75eb-560b-8987-b65683f39084;2019-09-01 00:00;Practice
7d1229c2-86e8-4c56-8fc9-87b8d4bab8bb;10ed0f82-4fae-5712-89d9-cecf0dfd7f3a;c676fced-07c3-542d-8c0b-1383448fb76b;2019-09-01 00:00;Practice
95f541a5-997c-418a-8f2b-15703a76f6f9;8161e834-6198-5c2a-94e9-9f3c89b0587b;c676fced-07c3-542d-8c0b-1383448fb76b;2019-09-01 00:00;Lecture
6e573789-dbb6-4f57-9595-142eeb4d6d4b;8161e834-6198-5c2a-94e9-9f3c89b0587b;c676fced-07c3-542d-8c0b-1383448fb76b;2019-09-01 00:00;Practice
5286fc1c-2b71-4ac4-aa12-01353c8ba77d;a9a2fa2a-bca3-57a1-a411-6b96f064ad41;b7bb3892-ecee-5f90-826e-e7a139e2c64f;2019-09-01 00:00;Lecture
b580fac1-15e3-498b-adc7-31c8ca9a4e7d;f0866ac1-bad3-5dd9-8f0c-ddd6fa483c47;cf1aaa08-79e8-510a-8b67-fa41fb233e24;2019-09-01 00:00;Lecture
ee2a014e-dd31-4e36-888b-7fb55004c961;ff5de7a7-7e24-570a-a4ed-545238b177e2;cf1aaa08-79e8-510a-8b67-fa41fb233e24;2019-09-01 00:00;Practice
29b428be-c9b4-471d-a961-090a59bbc747;c2ab779d-483b-5c8a-a8c3-c7f564f39dbc;b16b06ad-ed6e-5d0c-8b54-08f8bf2ca8e4;2019-09-01 00:00;Practice
17691dd5-eb09-4e09-9491-d19197c1c31d;c1bfb1d6-48af-54ae-b8a5-9b9276687d1f;b16b06ad-ed6e-5d0c-8b54-08f8bf2ca8e4;2019-09-01 00:00;Practice
044aee5e-8ae5-4986-97bd-09279e15466f;c2ab779d-483b-5c8a-a8c3-c7f564f39dbc;b16b06ad-ed6e-5d0c-8b54-08f8bf2ca8e4;2019-09-01 00:00;Lecture
7f2231db-768d-4867-be51-0ba572730d53;c2ab779d-483b-5c8a-a8c3-c7f564f39dbc;aba3ae6d-d16a-5613-b4c2-5b80db628882;2019-09-01 00:00;Lecture
